{
  "accuracies": {
    "Scratch SGD": 94.1,
    "Scratch Adam": 97.3,
    "sklearn MLP": 98.4,
    "Keras": 98.0
  },
  "times": {
    "Scratch SGD": 190.8,
    "Scratch Adam": 264.02,
    "sklearn MLP": 73.09,
    "Keras": 203.05
  },
  "history_adam": {
    "train_loss": [
      0.284522,
      0.174195,
      0.119439,
      0.083075,
      0.057824,
      0.040498,
      0.028272,
      0.01974,
      0.013904,
      0.009914
    ],
    "train_acc": [
      91.9927,
      95.0854,
      96.6829,
      97.7537,
      98.4976,
      99.0561,
      99.3927,
      99.6659,
      99.8512,
      99.9439
    ],
    "val_acc": [
      91.7,
      94.8,
      95.7,
      96.0,
      96.2,
      97.0,
      97.2,
      97.2,
      97.3,
      97.3
    ]
  },
  "history_sgd": {
    "train_loss": [
      0.566718,
      0.391732,
      0.3327,
      0.298754,
      0.274834,
      0.25609,
      0.240646,
      0.227375,
      0.215725,
      0.205333
    ],
    "train_acc": [
      85.2829,
      89.0171,
      90.4878,
      91.3659,
      92.0634,
      92.5976,
      93.0659,
      93.5,
      93.8024,
      94.078
    ],
    "val_acc": [
      85.8,
      89.7,
      90.5,
      91.0,
      91.6,
      92.2,
      93.0,
      93.6,
      93.9,
      94.1
    ]
  },
  "confusion_matrices": {
    "Scratch SGD": [
      [
        106,
        0,
        0,
        0,
        0,
        1,
        0,
        0,
        0,
        0
      ],
      [
        0,
        91,
        1,
        2,
        0,
        0,
        0,
        0,
        2,
        0
      ],
      [
        2,
        0,
        112,
        1,
        2,
        0,
        2,
        3,
        2,
        0
      ],
      [
        0,
        0,
        2,
        84,
        0,
        2,
        0,
        1,
        0,
        1
      ],
      [
        0,
        1,
        0,
        0,
        97,
        0,
        1,
        0,
        0,
        3
      ],
      [
        0,
        1,
        0,
        4,
        1,
        80,
        3,
        0,
        0,
        0
      ],
      [
        0,
        0,
        1,
        0,
        0,
        0,
        95,
        0,
        1,
        0
      ],
      [
        0,
        1,
        1,
        0,
        3,
        0,
        1,
        98,
        0,
        1
      ],
      [
        0,
        1,
        0,
        0,
        0,
        2,
        1,
        0,
        88,
        1
      ],
      [
        2,
        0,
        0,
        1,
        3,
        0,
        0,
        1,
        0,
        90
      ]
    ],
    "Scratch Adam": [
      [
        106,
        0,
        0,
        0,
        0,
        1,
        0,
        0,
        0,
        0
      ],
      [
        0,
        94,
        1,
        0,
        0,
        0,
        0,
        0,
        1,
        0
      ],
      [
        0,
        0,
        120,
        2,
        0,
        0,
        0,
        1,
        1,
        0
      ],
      [
        0,
        0,
        1,
        88,
        0,
        1,
        0,
        0,
        0,
        0
      ],
      [
        0,
        0,
        0,
        0,
        100,
        0,
        1,
        0,
        0,
        1
      ],
      [
        0,
        1,
        0,
        3,
        0,
        84,
        0,
        0,
        0,
        1
      ],
      [
        0,
        0,
        0,
        0,
        0,
        2,
        94,
        0,
        1,
        0
      ],
      [
        0,
        0,
        0,
        0,
        1,
        0,
        0,
        102,
        1,
        1
      ],
      [
        0,
        0,
        0,
        0,
        0,
        2,
        1,
        0,
        89,
        1
      ],
      [
        1,
        0,
        0,
        0,
        0,
        0,
        0,
        0,
        0,
        96
      ]
    ],
    "sklearn MLP": [
      [
        107,
        0,
        0,
        0,
        0,
        0,
        0,
        0,
        0,
        0
      ],
      [
        0,
        92,
        2,
        0,
        1,
        0,
        0,
        0,
        1,
        0
      ],
      [
        1,
        0,
        122,
        0,
        0,
        0,
        0,
        1,
        0,
        0
      ],
      [
        0,
        0,
        1,
        89,
        0,
        0,
        0,
        0,
        0,
        0
      ],
      [
        0,
        0,
        0,
        0,
        101,
        0,
        0,
        0,
        0,
        1
      ],
      [
        0,
        0,
        0,
        3,
        0,
        86,
        0,
        0,
        0,
        0
      ],
      [
        0,
        0,
        0,
        0,
        0,
        0,
        97,
        0,
        0,
        0
      ],
      [
        0,
        0,
        0,
        0,
        0,
        0,
        0,
        103,
        1,
        1
      ],
      [
        0,
        0,
        0,
        0,
        0,
        2,
        0,
        0,
        91,
        0
      ],
      [
        1,
        0,
        0,
        0,
        0,
        0,
        0,
        0,
        0,
        96
      ]
    ],
    "Keras": [
      [
        107,
        0,
        0,
        0,
        0,
        0,
        0,
        0,
        0,
        0
      ],
      [
        0,
        94,
        0,
        0,
        1,
        0,
        0,
        0,
        1,
        0
      ],
      [
        0,
        0,
        121,
        0,
        0,
        0,
        0,
        1,
        2,
        0
      ],
      [
        0,
        0,
        0,
        89,
        0,
        1,
        0,
        0,
        0,
        0
      ],
      [
        0,
        0,
        0,
        0,
        101,
        0,
        0,
        0,
        0,
        1
      ],
      [
        0,
        0,
        0,
        0,
        0,
        88,
        0,
        0,
        0,
        1
      ],
      [
        1,
        0,
        0,
        0,
        0,
        1,
        95,
        0,
        0,
        0
      ],
      [
        0,
        0,
        0,
        3,
        0,
        0,
        0,
        99,
        0,
        3
      ],
      [
        0,
        0,
        0,
        0,
        0,
        0,
        0,
        1,
        92,
        0
      ],
      [
        2,
        0,
        0,
        0,
        0,
        0,
        0,
        1,
        0,
        94
      ]
    ]
  },
  "classification_reports": {
    "Scratch SGD": {
      "0": {
        "precision": 0.9636363636363636,
        "recall": 0.9906542056074766,
        "f1-score": 0.9769585253456221,
        "support": 107.0
      },
      "1": {
        "precision": 0.9578947368421052,
        "recall": 0.9479166666666666,
        "f1-score": 0.9528795811518325,
        "support": 96.0
      },
      "2": {
        "precision": 0.9572649572649573,
        "recall": 0.9032258064516129,
        "f1-score": 0.9294605809128631,
        "support": 124.0
      },
      "3": {
        "precision": 0.9130434782608695,
        "recall": 0.9333333333333333,
        "f1-score": 0.9230769230769231,
        "support": 90.0
      },
      "4": {
        "precision": 0.9150943396226415,
        "recall": 0.9509803921568627,
        "f1-score": 0.9326923076923077,
        "support": 102.0
      },